size,time
10000,1.660347
100000,20.468473
1000000,244.165897
3000000,794.510365
5000000,1361.889601
8000000,2297.625780