size,time
10000,1.951218
100000,16.237259
1000000,125.486135
3000000,301.512241
5000000,519.637346
8000000,1194.402456